{
  "AI Daily Return": -0.005709231930040995,
  "Beats Market": false,
  "Components": "{\"Institutional GBDT\": 0.9858166777753155, \"Ridge Logistic\": 0.8879053927042245}",
  "Confidence": 58.7,
  "Market Return": 0.0009187510313223512,
  "Probability": 52.0,
  "Profit Factor": 1.2,
  "Symbol": "BNT",
  "Trades": 437,
  "Win Rate": 29.7
}