{
  "AI Daily Return": -0.0033415938592863126,
  "Beats Market": false,
  "Components": "{\"Institutional GBDT\": 0.9278675279594508, \"Ridge Logistic\": 0.9994186421146927}",
  "Confidence": 36.6,
  "Market Return": 0.0008357017140428525,
  "Probability": 56.1,
  "Profit Factor": 1.5,
  "Symbol": "GFCL",
  "Trades": 228,
  "Win Rate": 32.0
}