{
  "AI Daily Return": -0.00012666354391220602,
  "Beats Market": false,
  "Components": "{\"Institutional GBDT\": 0.6859697408781569, \"Ridge Logistic\": 0.3197770439887386}",
  "Confidence": 58.1,
  "Market Return": 0.0016969575271742453,
  "Probability": 48.0,
  "Profit Factor": 1.48,
  "Symbol": "HDL",
  "Trades": 332,
  "Win Rate": 40.1
}