{
  "AI Daily Return": 0.0,
  "Beats Market": false,
  "Components": "{\"Institutional GBDT\": 0.4761394498713647, \"Logistic (Short History)\": 0.9999999130791786, \"Random Forest Ensemble\": 0.34915961813121543}",
  "Confidence": 52.6,
  "Market Return": 0.00041631301928858535,
  "Probability": 46.5,
  "Profit Factor": 0.0,
  "Symbol": "ALICL",
  "Trades": 0,
  "Win Rate": 0.0
}